ID,Source URL,Title,Description,Item Type,Scraped At
70,https://quotes.toscrape.com/js/,Quote by Marilyn Monroe,"“Imperfection is beauty, madness is genius and it's better to be absolutely ridiculous than absolutely boring.”",dynamic_js_record,2026-09-28 16:25:42.777324+00:00
69,https://quotes.toscrape.com/js/,Quote by Jane Austen,"“The person, be it gentleman or lady, who has not pleasure in a good novel, must be intolerably stupid.”",dynamic_js_record,2026-09-28 16:25:42.777324+00:00
68,https://quotes.toscrape.com/js/,Quote by Albert Einstein,“There are only two ways to live your life. One is as though nothing is a miracle. The other is as though everything is a miracle.”,dynamic_js_record,2026-09-28 16:25:42.777324+00:00
67,https://quotes.toscrape.com/js/,Quote by J.K. Rowling,"“It is our choices, Harry, that show what we truly are, far more than our abilities.”",dynamic_js_record,2026-09-28 16:25:42.777324+00:00
66,https://quotes.toscrape.com/js/,Quote by Albert Einstein,“The world as we have created it is a process of our thinking. It cannot be changed without changing our thinking.”,dynamic_js_record,2026-09-28 16:25:42.777324+00:00
65,https://quotes.toscrape.com/js/,Quote by Marilyn Monroe,"“Imperfection is beauty, madness is genius and it's better to be absolutely ridiculous than absolutely boring.”",dynamic_js_record,2026-09-28 16:21:57.203371+00:00
64,https://quotes.toscrape.com/js/,Quote by Jane Austen,"“The person, be it gentleman or lady, who has not pleasure in a good novel, must be intolerably stupid.”",dynamic_js_record,2026-09-28 16:21:57.203371+00:00
63,https://quotes.toscrape.com/js/,Quote by Albert Einstein,“There are only two ways to live your life. One is as though nothing is a miracle. The other is as though everything is a miracle.”,dynamic_js_record,2026-09-28 16:21:57.203371+00:00
62,https://quotes.toscrape.com/js/,Quote by J.K. Rowling,"“It is our choices, Harry, that show what we truly are, far more than our abilities.”",dynamic_js_record,2026-09-28 16:21:57.203371+00:00
61,https://quotes.toscrape.com/js/,Quote by Albert Einstein,“The world as we have created it is a process of our thinking. It cannot be changed without changing our thinking.”,dynamic_js_record,2026-09-28 16:21:57.203371+00:00
60,https://quotes.toscrape.com/js/,Quote by Steve Martin,"“A day without sunshine is like, you know, night.”",dynamic_js_record,2026-09-28 16:19:51.130137+00:00
58,https://quotes.toscrape.com/js/,Quote by Thomas A. Edison,"“I have not failed. I've just found 10,000 ways that won't work.”",dynamic_js_record,2026-09-28 16:19:51.130137+00:00
57,https://quotes.toscrape.com/js/,Quote by André Gide,“It is better to be hated for what you are than to be loved for what you are not.”,dynamic_js_record,2026-09-28 16:19:51.130137+00:00
56,https://quotes.toscrape.com/js/,Quote by Albert Einstein,“Try not to become a man of success. Rather become a man of value.”,dynamic_js_record,2026-09-28 16:19:51.130137+00:00
49,https://quotes.toscrape.com/js/,Quote by Jane Austen,"“The person, be it gentleman or lady, who has not pleasure in a good novel, must be intolerably stupid.”",dynamic_js_record,2026-09-28 16:18:43.134991+00:00
47,https://quotes.toscrape.com/js/,Quote by J.K. Rowling,"“It is our choices, Harry, that show what we truly are, far more than our abilities.”",dynamic_js_record,2026-09-28 16:18:43.134991+00:00
45,https://quotes.toscrape.com/js/,Quote by Steve Martin,"“A day without sunshine is like, you know, night.”",dynamic_js_record,2026-09-28 15:18:26.534716+00:00
44,https://quotes.toscrape.com/js/,Quote by Eleanor Roosevelt,“A woman is like a tea bag; you never know how strong it is until it's in hot water.”,dynamic_js_record,2026-09-28 15:18:26.534716+00:00
43,https://quotes.toscrape.com/js/,Quote by Thomas A. Edison,"“I have not failed. I've just found 10,000 ways that won't work.”",dynamic_js_record,2026-09-28 15:18:26.534716+00:00
42,https://quotes.toscrape.com/js/,Quote by André Gide,“It is better to be hated for what you are than to be loved for what you are not.”,dynamic_js_record,2026-09-28 15:18:26.534716+00:00
41,https://quotes.toscrape.com/js/,Quote by Albert Einstein,“Try not to become a man of success. Rather become a man of value.”,dynamic_js_record,2026-09-28 15:18:26.534716+00:00
40,https://quotes.toscrape.com/js/,Quote by Marilyn Monroe,"“Imperfection is beauty, madness is genius and it's better to be absolutely ridiculous than absolutely boring.”",dynamic_js_record,2026-09-28 15:18:26.534716+00:00
39,https://quotes.toscrape.com/js/,Quote by Jane Austen,"“The person, be it gentleman or lady, who has not pleasure in a good novel, must be intolerably stupid.”",dynamic_js_record,2026-09-28 15:18:26.534716+00:00
38,https://quotes.toscrape.com/js/,Quote by Albert Einstein,“There are only two ways to live your life. One is as though nothing is a miracle. The other is as though everything is a miracle.”,dynamic_js_record,2026-09-28 15:18:26.534716+00:00
37,https://quotes.toscrape.com/js/,Quote by J.K. Rowling,"“It is our choices, Harry, that show what we truly are, far more than our abilities.”",dynamic_js_record,2026-09-28 15:18:26.534716+00:00
36,https://quotes.toscrape.com/js/,Quote by Albert Einstein,“The world as we have created it is a process of our thinking. It cannot be changed without changing our thinking.”,dynamic_js_record,2026-09-28 15:18:26.534716+00:00
35,https://quotes.toscrape.com/js/,Quote by Steve Martin,"“A day without sunshine is like, you know, night.”",dynamic_js_record,2026-09-28 12:16:31.491852+00:00
34,https://quotes.toscrape.com/js/,Quote by Eleanor Roosevelt,“A woman is like a tea bag; you never know how strong it is until it's in hot water.”,dynamic_js_record,2026-09-28 12:16:31.491852+00:00
33,https://quotes.toscrape.com/js/,Quote by Thomas A. Edison,"“I have not failed. I've just found 10,000 ways that won't work.”",dynamic_js_record,2026-09-28 12:16:31.491852+00:00
32,https://quotes.toscrape.com/js/,Quote by André Gide,“It is better to be hated for what you are than to be loved for what you are not.”,dynamic_js_record,2026-09-28 12:16:31.491852+00:00
31,https://quotes.toscrape.com/js/,Quote by Albert Einstein,“Try not to become a man of success. Rather become a man of value.”,dynamic_js_record,2026-09-28 12:16:31.491852+00:00
30,https://quotes.toscrape.com/js/,Quote by Marilyn Monroe,"“Imperfection is beauty, madness is genius and it's better to be absolutely ridiculous than absolutely boring.”",dynamic_js_record,2026-09-28 12:16:31.491852+00:00
29,https://quotes.toscrape.com/js/,Quote by Jane Austen,"“The person, be it gentleman or lady, who has not pleasure in a good novel, must be intolerably stupid.”",dynamic_js_record,2026-09-28 12:16:31.491852+00:00
28,https://quotes.toscrape.com/js/,Quote by Albert Einstein,“There are only two ways to live your life. One is as though nothing is a miracle. The other is as though everything is a miracle.”,dynamic_js_record,2026-09-28 12:16:31.491852+00:00
27,https://quotes.toscrape.com/js/,Quote by J.K. Rowling,"“It is our choices, Harry, that show what we truly are, far more than our abilities.”",dynamic_js_record,2026-09-28 12:16:31.491852+00:00
26,https://quotes.toscrape.com/js/,Quote by Albert Einstein,“The world as we have created it is a process of our thinking. It cannot be changed without changing our thinking.”,dynamic_js_record,2026-09-28 12:16:31.491852+00:00
25,https://quotes.toscrape.com/js/,Quote by Steve Martin,"“A day without sunshine is like, you know, night.”",dynamic_js_record,2026-09-28 12:16:22.013858+00:00
24,https://quotes.toscrape.com/js/,Quote by Eleanor Roosevelt,“A woman is like a tea bag; you never know how strong it is until it's in hot water.”,dynamic_js_record,2026-09-28 12:16:22.013858+00:00
23,https://quotes.toscrape.com/js/,Quote by Thomas A. Edison,"“I have not failed. I've just found 10,000 ways that won't work.”",dynamic_js_record,2026-09-28 12:16:22.013858+00:00
22,https://quotes.toscrape.com/js/,Quote by André Gide,“It is better to be hated for what you are than to be loved for what you are not.”,dynamic_js_record,2026-09-28 12:16:22.013858+00:00
21,https://quotes.toscrape.com/js/,Quote by Albert Einstein,“Try not to become a man of success. Rather become a man of value.”,dynamic_js_record,2026-09-28 12:16:22.013858+00:00
20,https://quotes.toscrape.com/js/,Quote by Marilyn Monroe,"“Imperfection is beauty, madness is genius and it's better to be absolutely ridiculous than absolutely boring.”",dynamic_js_record,2026-09-28 12:16:22.013858+00:00
19,https://quotes.toscrape.com/js/,Quote by Jane Austen,"“The person, be it gentleman or lady, who has not pleasure in a good novel, must be intolerably stupid.”",dynamic_js_record,2026-09-28 12:16:22.013858+00:00
18,https://quotes.toscrape.com/js/,Quote by Albert Einstein,“There are only two ways to live your life. One is as though nothing is a miracle. The other is as though everything is a miracle.”,dynamic_js_record,2026-09-28 12:16:22.013858+00:00
17,https://quotes.toscrape.com/js/,Quote by J.K. Rowling,"“It is our choices, Harry, that show what we truly are, far more than our abilities.”",dynamic_js_record,2026-09-28 12:16:22.013858+00:00
16,https://quotes.toscrape.com/js/,Quote by Albert Einstein,“The world as we have created it is a process of our thinking. It cannot be changed without changing our thinking.”,dynamic_js_record,2026-09-28 12:16:22.013858+00:00
15,https://quotes.toscrape.com/js/,Quote by Steve Martin,"“A day without sunshine is like, you know, night.”",dynamic_js_record,2026-09-28 10:56:49.301811+00:00
14,https://quotes.toscrape.com/js/,Quote by Eleanor Roosevelt,“A woman is like a tea bag; you never know how strong it is until it's in hot water.”,dynamic_js_record,2026-09-28 10:56:49.301811+00:00
13,https://quotes.toscrape.com/js/,Quote by Thomas A. Edison,"“I have not failed. I've just found 10,000 ways that won't work.”",dynamic_js_record,2026-09-28 10:56:49.301811+00:00
12,https://quotes.toscrape.com/js/,Quote by André Gide,“It is better to be hated for what you are than to be loved for what you are not.”,dynamic_js_record,2026-09-28 10:56:49.301811+00:00
11,https://quotes.toscrape.com/js/,Quote by Albert Einstein,“Try not to become a man of success. Rather become a man of value.”,dynamic_js_record,2026-09-28 10:56:49.301811+00:00
10,https://quotes.toscrape.com/js/,Quote by Marilyn Monroe,"“Imperfection is beauty, madness is genius and it's better to be absolutely ridiculous than absolutely boring.”",dynamic_js_record,2026-09-28 10:56:49.301811+00:00
9,https://quotes.toscrape.com/js/,Quote by Jane Austen,"“The person, be it gentleman or lady, who has not pleasure in a good novel, must be intolerably stupid.”",dynamic_js_record,2026-09-28 10:56:49.301811+00:00
8,https://quotes.toscrape.com/js/,Quote by Albert Einstein,“There are only two ways to live your life. One is as though nothing is a miracle. The other is as though everything is a miracle.”,dynamic_js_record,2026-09-28 10:56:49.301811+00:00
7,https://quotes.toscrape.com/js/,Quote by J.K. Rowling,"“It is our choices, Harry, that show what we truly are, far more than our abilities.”",dynamic_js_record,2026-09-28 10:56:49.301811+00:00
6,https://quotes.toscrape.com/js/,Quote by Albert Einstein,“The world as we have created it is a process of our thinking. It cannot be changed without changing our thinking.”,dynamic_js_record,2026-09-28 10:56:49.301811+00:00
5,https://quotes.toscrape.com/js/,Quote by Marilyn Monroe,"“Imperfection is beauty, madness is genius and it's better to be absolutely ridiculous than absolutely boring.”",dynamic_js_record,2026-09-28 10:53:31.995329+00:00
4,https://quotes.toscrape.com/js/,Quote by Jane Austen,"“The person, be it gentleman or lady, who has not pleasure in a good novel, must be intolerably stupid.”",dynamic_js_record,2026-09-28 10:53:31.995329+00:00
3,https://quotes.toscrape.com/js/,Quote by Albert Einstein,“There are only two ways to live your life. One is as though nothing is a miracle. The other is as though everything is a miracle.”,dynamic_js_record,2026-09-28 10:53:31.995329+00:00
2,https://quotes.toscrape.com/js/,Quote by J.K. Rowling,"“It is our choices, Harry, that show what we truly are, far more than our abilities.”",dynamic_js_record,2026-09-28 10:53:31.995329+00:00
